,Benchmark,Num Properties,Total Elapsed Time (seconds),Average Elapsed Time (seconds),Timeouts
0,adding.4_000,168,2114.2195764877833,12.584640336236806,0
0,anderson.1_000,3,1.7035180709790438,0.5678393569930146,0
0,anderson.2_000,3,0.037133333971723914,0.012377777990574637,0
0,anderson.3_000,3,1373.508956292062,457.8363187640207,0
0,anderson.4_000,3,0.19208708289079368,0.06402902763026457,0
