,Benchmark,Num Properties,Total Elapsed Time (seconds),Average Elapsed Time (seconds),Timeouts
0,anderson.1_000,3,1.6879865580704063,0.5626621860234687,0
0,anderson.2_000,3,0.03590610402170569,0.011968701340568563,0
