Metric,Correlation_with_Time,Abs_Correlation
Formula Length,0.6646403227925918,0.6646403227925918
Temporal Operators,0.6990413408410915,0.6990413408410915
Logical Operators,0.24650632130920014,0.24650632130920014
Nesting Depth,0.4443347859115895,0.4443347859115895
Atomic Propositions,0.5348322401898777,0.5348322401898777
